<?xml version="1.0" encoding="UTF-8"?>

<application id="HeartWindow" appname="心窗" versionCode="1" versionName="1" icon="app" theme="ios7" jsengine="v2.0" package="com.yonyou.heartwindow" language="zh_cn" autoCheckUpdate="false" isLibrary="false"> 
  <permission id="internet"/>  
  <start view="Main"/> /&gt;
  <!--view id="demo" ref="demo.dsl"><extend screenOrientation="landscape|portrait|unspecified"/></view-->  
  <!--view id="demo" ref="demo.dsl"><extend windowSoftInputMode="stateUnspecified|stateUnchanged|stateHidden|stateAlwaysHidden|stateVisible|stateAlwaysVisible|adjustUnspecified|adjustResize|adjustPan"/></view-->  
  <view id="Main" ref="Main.dsl" include="true"/>  
  <view id="My" ref="My.dsl" include="true"/>  
  <view id="MyCare" ref="MyCare.dsl" include="true"/>  
  <view id="MyCareWeb" ref="MyCareWeb.dsl" include="true"/>  
  <view id="Students" ref="Students.dsl" include="true"/>  
  <view id="AddStudent" ref="AddStudent.dsl" include="true"/>  
  <view id="Search" ref="Search.dsl" include="true"/>  
  <view id="SearchHot" ref="SearchHot.dsl" include="true"/> 
</application>
<!--
【屏幕显示方向】
  screenOrientation: 屏幕显示方向
    landscape: 横向
    portrait: 竖向
    unspecified: 自动转屏
【状态栏颜色】
  statusbarcolor：状态栏颜色，此属性仅IOS适用
【软键盘交互模式】
  windowSoftInputMode：窗口与软键盘的交互模式，可以用来避免输入法面板遮挡问题，主要控制（1、当有焦点产生时，软键盘是隐藏还是显示；2、是否减少活动主窗口大小以便腾出空间放软键盘）
    stateUnspecified：软键盘的状态并没有指定，系统将选择一个合适的状态或依赖于主题的设置
    stateUnchanged：当这个activity出现时，软键盘将一直保持在上一个activity里的状态，无论是隐藏还是显示
    stateHidden：用户选择activity时，软键盘总是被隐藏
    stateAlwaysHidden：当该Activity主窗口获取焦点时，软键盘也总是被隐藏的
    stateVisible：软键盘通常是可见的
    stateAlwaysVisible：用户选择activity时，软键盘总是显示的状态
    adjustUnspecified：默认设置，通常由系统自行决定是隐藏还是显示
    adjustPan：当前窗口的内容将自动移动以便当前焦点从不被键盘覆盖和用户能总是看到输入内容的部分
-->
