<?xml version="1.0" encoding="UTF-8"?>
<services default-package="com.yonyou.uap.um.runtime" >
	<service name="YMChatGroupService.getChatGroupById" class="com.yonyou.sns.im.mobile.service.YMChatGroupService" method="getChatGroupById" />
	<service name="YMChatGroupService.getChatGroups" class="com.yonyou.sns.im.mobile.service.YMChatGroupService" method="getChatGroups" />
	<service name="YMChatGroupService.deleteChat" class="com.yonyou.sns.im.mobile.service.YMChatGroupService" method="deleteChat" />
	<service name="YMChatGroupService.joinChatGroup" class="com.yonyou.sns.im.mobile.service.YMChatGroupService" method="joinChatGroup" />
	<service name="YMChatGroupService.searchChatGroupByKey" class="com.yonyou.sns.im.mobile.service.YMChatGroupService" method="searchChatGroupByKey" />
	<service name="YMChatGroupService.exitChatGroup" class="com.yonyou.sns.im.mobile.service.YMChatGroupService" method="exitChatGroup" />
	<service name="YMChatGroupService.createChatGroup" class="com.yonyou.sns.im.mobile.service.YMChatGroupService" method="createChatGroup" />
	<service name="YMChatGroupService.SetGroupSetting" class="com.yonyou.sns.im.mobile.service.YMChatGroupService" method="SetGroupSetting" />
	<service name="YMChatGroupService.SetGroupMuteMessageSetting" class="com.yonyou.sns.im.mobile.service.YMChatGroupService" method="SetGroupMuteMessageSetting" />
	<service name="YMChatGroupService.SetGroupShowNameSetting" class="com.yonyou.sns.im.mobile.service.YMChatGroupService" method="SetGroupShowNameSetting" />
	<service name="YMChatGroupService.SetGroupMsgTopSetting" class="com.yonyou.sns.im.mobile.service.YMChatGroupService" method="SetGroupMsgTopSetting" />
	<service name="YMChatGroupService.renameChatGroup" class="com.yonyou.sns.im.mobile.service.YMChatGroupService" method="renameChatGroup" />
	<service name="YMUserService.getUser" class="com.yonyou.sns.im.mobile.service.YMUserService" method="getUser" />
	<service name="YMUserService.getSelf" class="com.yonyou.sns.im.mobile.service.YMUserService" method="getSelf" />
	<service name="YMUserService.updateSelfInfo" class="com.yonyou.sns.im.mobile.service.YMUserService" method="updateSelfInfo" />
	<service name="YMUserService.uploadAvatar" class="com.yonyou.sns.im.mobile.service.YMUserService" method="uploadAvatar" />
	<service name="YMUserService.searchUsersByKey" class="com.yonyou.sns.im.mobile.service.YMUserService" method="searchUsersByKey" />
	<service name="YMRosterService.addRoster" class="com.yonyou.sns.im.mobile.service.YMRosterService" method="addRoster" />
	<service name="YMRosterService.deleteRoster" class="com.yonyou.sns.im.mobile.service.YMRosterService" method="deleteRoster" />
	<service name="YMRosterService.getRosters" class="com.yonyou.sns.im.mobile.service.YMRosterService" method="getRosters" />
	<service name="YMChatGroupMemberService.getChatGroupMembersByGroupId" class="com.yonyou.sns.im.mobile.serviceYMChatGroupMemberService.YMChatGroupMemberService" method="getChatGroupMembersByGroupId" />
	<service name="YMChatGroupMemberService.addGroupMember" class="com.yonyou.sns.im.mobile.service.YMChatGroupMemberService" method="addGroupMember" />
	<service name="YMPubAccountService.removePubAccount" class="com.yonyou.sns.im.mobile.service.YMPubAccountService" method="removePubAccount" />
	<service name="YMPubAccountService.getPubAccounts" class="com.yonyou.sns.im.mobile.service.YMPubAccountService" method="getPubAccounts" />
	<service name="YMPubAccountService.getPubAccount" class="com.yonyou.sns.im.mobile.service.YMPubAccountService" method="getPubAccount" />
	<service name="YMPubAccountService.searchPubAccountByKey" class="com.yonyou.sns.im.mobile.service.YMPubAccountService" method="searchPubAccountByKey" />
	<service name="YMPubAccountService.followPubAccount" class="com.yonyou.sns.im.mobile.service.YMPubAccountService" method="followPubAccount" />
	<service name="YMPubAccountService.setPubAccountChatMsgTop" class="com.yonyou.sns.im.mobile.service.YMPubAccountService" method="setPubAccountChatMsgTop" />
	<service name="YMPubAccountService.setPubAccountNoDistub" class="com.yonyou.sns.im.mobile.service.YMPubAccountService" method="setPubAccountNoDistub" />
	<service name="YMSettingService.getSetting" class="com.yonyou.sns.im.mobile.service.YMSettingService" method="getSetting" />
	<service name="YMSettingService.setSetting" class="com.yonyou.sns.im.mobile.service.YMSettingService" method="setSetting" />
	<service name="YMSettingService.setNewmsgMuteMode" class="com.yonyou.sns.im.mobile.service.YMSettingService" method="setNewmsgMuteMode" />
	<service name="YMSettingService.setNewmsgVibration" class="com.yonyou.sns.im.mobile.service.YMSettingService" method="setNewmsgVibration" />
	<service name="YMSettingService.setNewmsgRemind" class="com.yonyou.sns.im.mobile.service.YMSettingService" method="setNewmsgRemind" />
	<service name="YMSettingService.setNewmsgPreview" class="com.yonyou.sns.im.mobile.service.YMSettingService" method="setNewmsgPreview" />
	<service name="YMSettingService.getChatSetting" class="com.yonyou.sns.im.mobile.service.YMSettingService" method="getChatSetting" />
	<service name="YMSettingService.setChatIsChatMsgTop" class="com.yonyou.sns.im.mobile.service.YMSettingService" method="setChatIsChatMsgTop" />
	<service name="YMSettingService.setChatIsNoDistub" class="com.yonyou.sns.im.mobile.service.YMSettingService" method="setChatIsNoDistub" />
	<service name="YMSettingService.deleteChat" class="com.yonyou.sns.im.mobile.service.YMSettingService" method="deleteChat" />
	<service name="YMCoreService.initIMSDK" class="com.yonyou.sns.im.mobile.service.YMCoreService" method="initIMSDK" />
	<service name="YMCoreService.doLogin" class="com.yonyou.sns.im.mobile.service.YMCoreService" method="doLogin" />
</services>
