<?xml version="1.0" encoding="UTF-8"?>

<application id="HeartWindow" appname="HeartWindow" versionCode="1" versionName="1" icon="app" jsengine="v2.0">
  <components>
    <component name="HeartWindow" start="true"/>
  </components>
  <permission id="access_coarse_location"/>
  <permission id="access_fine_location"/>
  <permission id="access_network_state"/>
  <permission id="access_wifi_state"/>
  <permission id="call_phone"/>
  <permission id="camera"/>
  <permission id="change_wifi_state"/>
  <permission id="flashlight"/>
  <permission id="hardware_camera"/>
  <permission id="hardware_camera_autofocus"/>
  <permission id="interact_access_users_full"/>
  <permission id="internet"/>
  <permission id="maps_receive"/>
  <permission id="mount_unmount_filesystems"/>
  <permission id="read_contacts"/>
  <permission id="read_phone_state"/>
  <permission id="send_sms"/>
  <permission id="write_external_storage"/>
  <permission id="write_settings"/>
</application>
